Workbook

Sheet Patient DCR
F1: Total REV $378.90 | M1: Shot Cards 1 | S1: SG Revenue $299.00
A2: HOOVER, AL | J2: PATIENT DCR
A3: Sign In # | B3: Patient Name | C3: Action | D3: OV | E3: BW | F3: B12 Lipo Injection | J3: Semaglutde | O3: Tirzepatide | T3: AfterPay Fee | U3: Supplements | W3: Protein Shakes | Y3: Subtotal | Z3: Tax | AA3: Credits | AB3: Total | AC3: Notes
F4: Card Punch # | G4: TH | H4: Amount | I4: # | J4: Card Punch # | K4: TH | L4: Injection | M4: # | N4: DOSE (mg) | O4: Card Punch # | P4: TH | Q4: TRZ Injection | R4: # | S4: DOSE (mg) | U4: Amount | V4: # | W4: Amount | X4: #
A5: 3 | B5: PATIENT 7 v | C5: F | D5: 39.95 | E5: 0 | H5: 0 | I5: 0 | J5: 2 | L5: 74.75 | M5: 1 | N5: 0.25 mg | Q5: 0 | R5: 0 | T5: 0 | U5: 0 | V5: 0 | W5: 0 | X5: 0 | Y5: 114.7 | Z5: 0 | AA5: 0 | AB5: 114.7 | AC5: Prepay - Blood Work (Date: 03/23/2026; Notes: Spring Sale)
A6: 13 | B6: PATIENT 1 19 | C6: F | D6: 39.95 | E6: 0 | F6: 2 | H6: 0 | I6: 0 | J6: 2 | L6: 224.25 | M6: 3 | N6: 0.25 mg | Q6: 0 | R6: 0 | T6: 0 | U6: 0 | V6: 0 | W6: 0 | X6: 0 | Y6: 264.2 | Z6: 0 | AA6: 0 | AB6: 264.2 | AC6: Prepay - Blood Work (Date: 03/09/2026; Notes: Spring Sale)
A7: Totals | D7: 79.9 | E7: 0 | G7: 0 | H7: 0 | I7: 0 | K7: 0 | L7: 299 | M7: 4 | P7: 0 | Q7: 0 | R7: 0 | T7: 0 | U7: 0 | V7: 0 | W7: 0 | X7: 0 | Y7: 378.9 | Z7: 0 | AA7: 0 | AB7: 378.9

Sheet Gross Pat. Count
A1: HOOVER | F1: 45717
A3: Day of week & date | B3: SEMAGLUTIDE | D3: SEMAGLUTIDE | F3: SG TOTAL | H3: TIRZEPATIDE | J3: TIRZEPATIDE | L3: TRZ TOTAL | N3: PILLS | P3: PILLS | R3: PILLS TOTAL | T3: Testosterone | V3: Testosterone | X3: Testosterone Total | Z3: All Other | AA3: TOTAL
B4: NEW PTS | C4: REVENUE | D4: FU PTS | E4: REVENUE | F4: PTS | G4: REVENUE | H4: NEW PTS | I4: REVENUE | J4: FU PTS | K4: REVENUE | L4: PTS | M4: REVENUE | N4: NEW PTS | O4: REVENUE | P4: FU PTS | Q4: REVENUE | R4: PTS | S4: REVENUE | T4: NEW PTS | U4: REVENUE | V4: FU PTS | W4: REVENUE | X4: PTS | Y4: REVENUE | Z4: Revenue | AA4: REVENUE
A5: 46085 | F5: =(B5+D5) -> 0 | G5: =SUM(C5+E5) -> 0 | L5: =(H5+J5) -> 0 | M5: =SUM(I5+K5) -> 0 | R5: =(N5+P5) -> 0 | S5: =SUM(O5+Q5) -> 0 | X5: =T5+V5 -> 0 | Y5: =U5+W5 -> 0 | AA5: =SUM(G5+M5+S5+Y5+Z5) -> 0
A6: 46086 | F6: =(B6+D6) -> 0 | G6: =SUM(C6+E6) -> 0 | L6: =(H6+J6) -> 0 | M6: =SUM(I6+K6) -> 0 | R6: =(N6+P6) -> 0 | S6: =SUM(O6+Q6) -> 0 | X6: =T6+V6 -> 0 | Y6: =U6+W6 -> 0 | AA6: =SUM(G6+M6+S6+Y6+Z6) -> 0
A7: 46088 | F7: =(B7+D7) -> 0 | G7: =SUM(C7+E7) -> 0 | L7: =(H7+J7) -> 0 | M7: =SUM(I7+K7) -> 0 | R7: =(N7+P7) -> 0 | S7: =SUM(O7+Q7) -> 0 | X7: =T7+V7 -> 0 | Y7: =U7+W7 -> 0 | AA7: =SUM(G7+M7+S7+Y7+Z7) -> 0
A8: 46092 | F8: =(B8+D8) -> 0 | G8: =SUM(C8+E8) -> 0 | L8: =(H8+J8) -> 0 | M8: =SUM(I8+K8) -> 0 | R8: =(N8+P8) -> 0 | S8: =SUM(O8+Q8) -> 0 | X8: =T8+V8 -> 0 | Y8: =U8+W8 -> 0 | AA8: =SUM(G8+M8+S8+Y8+Z8) -> 0
A9: 46093 | F9: =(B9+D9) -> 0 | G9: =SUM(C9+E9) -> 0 | L9: =(H9+J9) -> 0 | M9: =SUM(I9+K9) -> 0 | R9: =(N9+P9) -> 0 | S9: =SUM(O9+Q9) -> 0 | X9: =T9+V9 -> 0 | Y9: =U9+W9 -> 0 | AA9: =SUM(G9+M9+S9+Y9+Z9) -> 0
A10: 46095 | F10: =(B10+D10) -> 0 | G10: =SUM(C10+E10) -> 0 | L10: =(H10+J10) -> 0 | M10: =SUM(I10+K10) -> 0 | R10: =(N10+P10) -> 0 | S10: =SUM(O10+Q10) -> 0 | X10: =T10+V10 -> 0 | Y10: =U10+W10 -> 0 | AA10: =SUM(G10+M10+S10+Y10+Z10) -> 0
A11: 46099 | F11: =(B11+D11) -> 0 | G11: =SUM(C11+E11) -> 0 | L11: =(H11+J11) -> 0 | M11: =SUM(I11+K11) -> 0 | R11: =(N11+P11) -> 0 | S11: =SUM(O11+Q11) -> 0 | X11: =T11+V11 -> 0 | Y11: =U11+W11 -> 0 | AA11: =SUM(G11+M11+S11+Y11+Z11) -> 0
A12: 46100 | F12: =(B12+D12) -> 0 | G12: =SUM(C12+E12) -> 0 | L12: =(H12+J12) -> 0 | M12: =SUM(I12+K12) -> 0 | R12: =(N12+P12) -> 0 | S12: =SUM(O12+Q12) -> 0 | X12: =T12+V12 -> 0 | Y12: =U12+W12 -> 0 | AA12: =SUM(G12+M12+S12+Y12+Z12) -> 0
A13: 46102 | F13: =(B13+D13) -> 0 | G13: =SUM(C13+E13) -> 0 | L13: =(H13+J13) -> 0 | M13: =SUM(I13+K13) -> 0 | R13: =(N13+P13) -> 0 | S13: =SUM(O13+Q13) -> 0 | X13: =T13+V13 -> 0 | Y13: =U13+W13 -> 0 | AA13: =SUM(G13+M13+S13+Y13+Z13) -> 0
A14: 46106 | F14: =(B14+D14) -> 0 | G14: =SUM(C14+E14) -> 0 | L14: =(H14+J14) -> 0 | M14: =SUM(I14+K14) -> 0 | R14: =(N14+P14) -> 0 | S14: =SUM(O14+Q14) -> 0 | X14: =T14+V14 -> 0 | Y14: =U14+W14 -> 0 | AA14: =SUM(G14+M14+S14+Y14+Z14) -> 0
A15: 46107 | F15: =(B15+D15) -> 0 | G15: =SUM(C15+E15) -> 0 | L15: =(H15+J15) -> 0 | M15: =SUM(I15+K15) -> 0 | R15: =(N15+P15) -> 0 | S15: =SUM(O15+Q15) -> 0 | X15: =T15+V15 -> 0 | Y15: =U15+W15 -> 0 | AA15: =SUM(G15+M15+S15+Y15+Z15) -> 0
A16: 46109 | F16: =(B16+D16) -> 0 | G16: =SUM(C16+E16) -> 0 | L16: =(H16+J16) -> 0 | M16: =SUM(I16+K16) -> 0 | R16: =(N16+P16) -> 0 | S16: =SUM(O16+Q16) -> 0 | X16: =T16+V16 -> 0 | Y16: =U16+W16 -> 0 | AA16: =SUM(G16+M16+S16+Y16+Z16) -> 0
A17: 46112 | B17: 1 | C17: 468 | D17: 1 | E17: 0 | F17: =(B17+D17) -> 2 | G17: =SUM(C17+E17) -> 468 | H17: 0 | I17: 0 | J17: 3 | K17: 1179.95 | L17: =(H17+J17) -> 3 | M17: =SUM(I17+K17) -> 1179.95 | N17: 1 | O17: 148.95 | P17: 0 | Q17: 0 | R17: =(N17+P17) -> 1 | S17: =SUM(O17+Q17) -> 148.95 | X17: =T17+V17 -> 0 | Y17: =U17+W17 -> 0 | Z17: 0 | AA17: =SUM(G17+M17+S17+Y17+Z17) -> 1796.9
F18: =(B18+D18) -> 0 | G18: =SUM(C18+E18) -> 0 | L18: =(H18+J18) -> 0 | M18: =SUM(I18+K18) -> 0 | R18: =(N18+P18) -> 0 | S18: =SUM(O18+Q18) -> 0 | X18: =T18+V18 -> 0 | Y18: =U18+W18 -> 0 | AA18: =SUM(G18+M18+S18+Y18+Z18) -> 0
F19: =(B19+D19) -> 0 | G19: =SUM(C19+E19) -> 0 | L19: =(H19+J19) -> 0 | M19: =SUM(I19+K19) -> 0 | R19: =(N19+P19) -> 0 | S19: =SUM(O19+Q19) -> 0 | X19: =T19+V19 -> 0 | Y19: =U19+W19 -> 0 | AA19: =SUM(G19+M19+S19+Y19+Z19) -> 0
F20: =(B20+D20) -> 0 | G20: =SUM(C20+E20) -> 0 | L20: =(H20+J20) -> 0 | M20: =SUM(I20+K20) -> 0 | R20: =(N20+P20) -> 0 | S20: =SUM(O20+Q20) -> 0 | X20: =T20+V20 -> 0 | Y20: =U20+W20 -> 0 | AA20: =SUM(G20+M20+S20+Y20+Z20) -> 0
F21: =(B21+D21) -> 0 | G21: =SUM(C21+E21) -> 0 | L21: =(H21+J21) -> 0 | M21: =SUM(I21+K21) -> 0 | R21: =(N21+P21) -> 0 | S21: =SUM(O21+Q21) -> 0 | X21: =T21+V21 -> 0 | Y21: =U21+W21 -> 0 | AA21: =SUM(G21+M21+S21+Y21+Z21) -> 0
F22: =(B22+D22) -> 0 | G22: =SUM(C22+E22) -> 0 | L22: =(H22+J22) -> 0 | M22: =SUM(I22+K22) -> 0 | R22: =(N22+P22) -> 0 | S22: =SUM(O22+Q22) -> 0 | X22: =T22+V22 -> 0 | Y22: =U22+W22 -> 0 | AA22: =SUM(G22+M22+S22+Y22+Z22) -> 0
A23: TOTAL | B23: =SUM(B5:B22) -> 1 | C23: =SUM(C5:C22) -> 468 | D23: =SUM(D5:D22) -> 1 | E23: =SUM(E5:E22) -> 0 | F23: =SUM(F5:F22) -> 2 | G23: =SUM(G5:G22) -> 468 | H23: =SUM(H5:H22) -> 0 | I23: =SUM(I5:I22) -> 0 | ... AA23: =SUM(AA5:AA22) -> 1796.9
A24: AVERAGE | B24: =AVERAGEIFS(B5:B22, $AA5:$AA22, ">0") -> 1 | C24: =AVERAGEIFS(C5:C22, $AA5:$AA22, ">0") -> 468 | D24: =AVERAGEIFS(D5:D22, $AA5:$AA22, ">0") -> 1 | E24: =AVERAGEIFS(E5:E22, $AA5:$AA22, ">0") -> 0 | F24: =AVERAGEIFS(F5:F22, $AA5:$AA22, ">0") -> 2 | G24: =AVERAGEIFS(G5:G22, $AA5:$AA22, ">0") -> 468 | H24: =AVERAGEIFS(H5:H22, $AA5:$AA22, ">0") -> 0 | I24: =AVERAGEIFS(I5:I22, $AA5:$AA22, ">0") -> 0 | ... S24: =AVERAGEIFS(S5:S22, $AA5:$AA22, ">0") -> 148.95 | T24: =IFERROR(AVERAGEIF($AA$5:$AA$22,">0",T$5:T$22),0) -> 0 | U24: =IFERROR(AVERAGEIF($AA$5:$AA$22,">0",U$5:U$22),0) -> 0 | V24: =IFERROR(AVERAGEIF($AA$5:$AA$22,">0",V$5:V$22),0) -> 0 | W24: =IFERROR(AVERAGEIF($AA$5:$AA$22,">0",W$5:W$22),0) -> 0 | X24: =IFERROR(AVERAGEIF($AA$5:$AA$22,">0",X$5:X$22),0) -> 0 | Y24: =IFERROR(AVERAGEIF($AA$5:$AA$22,">0",Y$5:Y$22),0) -> 0 | Z24: =IFERROR(AVERAGEIF($AA$5:$AA$22,">0",Z$5:Z$22),0) -> 0 | AA24: =IFERROR(AVERAGEIF($AA$5:$AA$22,">0",AA$5:AA$22),0) -> 1796.9

Sheet Revenue Breakdown 
A1: ='Gross Pat. Count'!A1 -> HOOVER | I1: =PROPER('Gross Pat. Count'!$F$1) -> 45717
C2: Office Visit | D2: LAB | E2: LIPO Inj | F2: Semaglutide | G2: Tirzepatide | H2: Testosterone | I2: AfterPay | J2: Supplements | K2: Protein Drinks | L2: Taxes | M2: Total
B3: Running Totals | C3: =SUM(C4:C21) -> 159.9 | D3: =SUM(D4:D21) -> 138 | E3: =SUM(E4:E21) -> 150 | F3: =SUM(F4:F21) -> 299 | G3: =SUM(G4:G21) -> 1050 | H3: 100 | I3: =SUM(I4:I21) -> 0 | J3: =SUM(J4:J21) -> 0 | K3: =SUM(K4:K21) -> 0 | L3: =SUM(L4:L21) -> 0 | M3: 1896.9
A4: 45717 | B4: TOTAL | C4: 0 | D4: 0 | E4: 0 | F4: 0 | G4: 0 | H4: 0 | I4: 0 | J4: 0 | K4: 0 | L4: 0 | M4: =C4+D4+E4+F4+G4+I4+J4+K4+L4 -> 0
A5: ='Gross Pat. Count'!A6 -> 46086 | B5: TOTAL | C5: 0 | D5: 0 | E5: 0 | F5: 0 | G5: 0 | H5: 0 | I5: 0 | J5: 0 | K5: 0 | L5: 0 | M5: =C5+D5+E5+F5+G5+I5+J5+K5+L5 -> 0
A6: 45696 | B6: TOTAL | C6: 0 | D6: 0 | E6: 0 | F6: 0 | G6: 0 | H6: 0 | I6: 0 | J6: 0 | K6: 0 | L6: 0 | M6: =C6+D6+E6+F6+G6+I6+J6+K6+L6 -> 0
A7: 45700 | B7: TOTAL | C7: 0 | D7: 0 | E7: 0 | F7: 0 | G7: 0 | H7: 0 | I7: 0 | J7: 0 | K7: 0 | L7: 0 | M7: =C7+D7+E7+F7+G7+I7+J7+K7+L7 -> 0
A8: ='Gross Pat. Count'!A9 -> 46093 | B8: TOTAL | C8: 0 | D8: 0 | E8: 0 | F8: 0 | G8: 0 | H8: 0 | I8: 0 | J8: 0 | K8: 0 | L8: 0 | M8: =C8+D8+E8+F8+G8+I8+J8+K8+L8 -> 0
A9: ='Gross Pat. Count'!A10 -> 46095 | B9: TOTAL | C9: 0 | D9: 0 | E9: 0 | F9: 0 | G9: 0 | H9: 0 | I9: 0 | J9: 0 | K9: 0 | L9: 0 | M9: =C9+D9+E9+F9+G9+I9+J9+K9+L9 -> 0
A10: ='Gross Pat. Count'!A11 -> 46099 | B10: TOTAL | C10: 0 | D10: 0 | E10: 0 | F10: 0 | G10: 0 | H10: 0 | I10: 0 | J10: 0 | K10: 0 | L10: 0 | M10: =C10+D10+E10+F10+G10+I10+J10+K10+L10 -> 0
A11: ='Gross Pat. Count'!A12 -> 46100 | B11: TOTAL | C11: 0 | D11: 0 | E11: 0 | F11: 0 | G11: 0 | H11: 0 | I11: 0 | J11: 0 | K11: 0 | L11: 0 | M11: =C11+D11+E11+F11+G11+I11+J11+K11+L11 -> 0
A12: ='Gross Pat. Count'!A13 -> 46102 | B12: TOTAL | C12: 0 | D12: 0 | E12: 0 | F12: 0 | G12: 0 | H12: 0 | I12: 0 | J12: 0 | K12: 0 | L12: 0 | M12: =C12+D12+E12+F12+G12+I12+J12+K12+L12 -> 0
A13: 45737 | B13: TOTAL | C13: 0 | D13: 0 | E13: 0 | F13: 0 | G13: 0 | H13: 0 | I13: 0 | J13: 0 | K13: 0 | L13: 0 | M13: =C13+D13+E13+F13+G13+I13+J13+K13+L13 -> 0
A14: ='Gross Pat. Count'!A15 -> 46107 | B14: TOTAL | C14: 0 | D14: 0 | E14: 0 | F14: 0 | G14: 0 | H14: 0 | I14: 0 | J14: 0 | K14: 0 | L14: 0 | M14: =C14+D14+E14+F14+G14+I14+J14+K14+L14 -> 0
A15: ='Gross Pat. Count'!A16 -> 46109 | B15: TOTAL | C15: 0 | D15: 0 | E15: 0 | F15: 0 | G15: 0 | H15: 0 | I15: 0 | J15: 0 | K15: 0 | L15: 0 | M15: =C15+D15+E15+F15+G15+I15+J15+K15+L15 -> 0
A16: ='Gross Pat. Count'!A17 -> 46112 | B16: TOTAL | C16: 159.9 | D16: 138 | E16: 150 | F16: 299 | G16: 1050 | H16: 100 | I16: 0 | J16: 0 | K16: 0 | L16: 0 | M16: 1896.9
A17: ='Gross Pat. Count'!A18 -> 0 | B17: TOTAL | M17: =C17+D17+E17+F17+G17+I17+J17+K17+L17 -> 0
A18: ='Gross Pat. Count'!A19 -> 0 | B18: TOTAL | M18: =C18+D18+E18+F18+G18+I18+J18+K18+L18 -> 0
A19: ='Gross Pat. Count'!A20 -> 0 | B19: TOTAL | M19: =C19+D19+E19+F19+G19+I19+J19+K19+L19 -> 0
A20: ='Gross Pat. Count'!A21 -> 0 | B20: TOTAL | M20: =C20+D20+E20+F20+G20+I20+J20+K20+L20 -> 0
A21: ='Gross Pat. Count'!A22 -> 0 | B21: TOTAL | M21: =C21+D21+E21+F21+G21+I21+J21+K21+L21 -> 0

Sheet Deposit
E1: =PROPER('Gross Pat. Count'!$F$1) -> 45717
A2: CLINIC | B2: DATE OF BUSINESS | C2: CASH | D2: CHECKS | E2: Actual Bank Deposit | F2: TOTAL DEPOSIT | G2: CREDIT | H2: SUBTOTAL OF CREDIT/ CHECKS | I2: TOTAL REVENUE
A3: ='Gross Pat. Count'!$A$1 -> HOOVER | B3: 45717 | C3: 0 | D3: 0 | E3: 0 | F3: =SUM(D3+E3) -> 0 | G3: 0 | H3: =SUM(F3+G3) -> 0 | I3: =SUM(C3+D3+G3) -> 0
A4: ='Gross Pat. Count'!$A$1 -> HOOVER | B4: ='Gross Pat. Count'!A6 -> 46086 | C4: 0 | D4: 0 | E4: =SUM(C4+D4) -> 0 | F4: =SUM(D4+E4) -> 0 | G4: 0 | H4: =SUM(F4+G4) -> 0 | I4: =SUM(C4+D4+G4) -> 0
A5: ='Gross Pat. Count'!$A$1 -> HOOVER | B5: 45722 | C5: 0 | D5: 0 | E5: =SUM(C5+D5) -> 0 | F5: =SUM(D5+E5) -> 0 | G5: 0 | H5: =SUM(F5+G5) -> 0 | I5: =SUM(C5+D5+G5) -> 0
A6: ='Gross Pat. Count'!$A$1 -> HOOVER | B6: 45724 | C6: 0 | D6: 0 | E6: =SUM(C6+D6) -> 0 | F6: =SUM(D6+E6) -> 0 | G6: 0 | H6: =SUM(F6+G6) -> 0 | I6: =SUM(C6+D6+G6) -> 0
A7: ='Gross Pat. Count'!$A$1 -> HOOVER | B7: ='Gross Pat. Count'!A9 -> 46093 | C7: 0 | D7: 0 | E7: =SUM(C7+D7) -> 0 | F7: =SUM(D7+E7) -> 0 | G7: 0 | H7: =SUM(F7+G7) -> 0 | I7: =SUM(C7+D7+G7) -> 0
A8: ='Gross Pat. Count'!$A$1 -> HOOVER | B8: ='Gross Pat. Count'!A10 -> 46095 | C8: 0 | D8: 0 | E8: =SUM(C8+D8) -> 0 | F8: =SUM(D8+E8) -> 0 | G8: 0 | H8: =SUM(F8+G8) -> 0 | I8: =SUM(C8+D8+G8) -> 0
A9: ='Gross Pat. Count'!$A$1 -> HOOVER | B9: ='Gross Pat. Count'!A11 -> 46099 | C9: 0 | D9: 0 | E9: 0 | F9: =SUM(D9+E9) -> 0 | G9: 0 | H9: =SUM(F9+G9) -> 0 | I9: =SUM(C9+D9+G9) -> 0
A10: ='Gross Pat. Count'!$A$1 -> HOOVER | B10: ='Gross Pat. Count'!A12 -> 46100 | C10: 0 | D10: 0 | E10: =SUM(C10+D10) -> 0 | F10: =SUM(D10+E10) -> 0 | G10: 0 | H10: =SUM(F10+G10) -> 0 | I10: =SUM(C10+D10+G10) -> 0
A11: ='Gross Pat. Count'!$A$1 -> HOOVER | B11: ='Gross Pat. Count'!A13 -> 46102 | C11: 0 | D11: 0 | E11: =SUM(C11+D11) -> 0 | F11: =SUM(D11+E11) -> 0 | G11: 0 | H11: =SUM(F11+G11) -> 0 | I11: =SUM(C11+D11+G11) -> 0
A12: ='Gross Pat. Count'!$A$1 -> HOOVER | B12: 45738 | C12: 0 | D12: 0 | E12: =SUM(C12+D12) -> 0 | F12: =SUM(D12+E12) -> 0 | G12: 0 | H12: =SUM(F12+G12) -> 0 | I12: =SUM(C12+D12+G12) -> 0
A13: ='Gross Pat. Count'!$A$1 -> HOOVER | B13: ='Gross Pat. Count'!A15 -> 46107 | C13: 0 | D13: 0 | E13: =SUM(C13+D13) -> 0 | F13: =SUM(D13+E13) -> 0 | G13: 0 | H13: =SUM(F13+G13) -> 0 | I13: =SUM(C13+D13+G13) -> 0
A14: ='Gross Pat. Count'!$A$1 -> HOOVER | B14: ='Gross Pat. Count'!A16 -> 46109 | C14: 0 | D14: 0 | E14: 0 | F14: =SUM(D14+E14) -> 0 | G14: 0 | H14: =SUM(F14+G14) -> 0 | I14: =SUM(C14+D14+G14) -> 0
A15: ='Gross Pat. Count'!$A$1 -> HOOVER | B15: ='Gross Pat. Count'!A17 -> 46112 | C15: 628.9 | D15: 468 | E15: 0 | F15: =SUM(D15+E15) -> 468 | G15: 700 | H15: =SUM(F15+G15) -> 1168 | I15: =SUM(C15+D15+G15) -> 1796.9
A16: ='Gross Pat. Count'!$A$1 -> HOOVER | I16: =SUM(C16+D16+G16) -> 0
A17: ='Gross Pat. Count'!$A$1 -> HOOVER | B17: ='Gross Pat. Count'!A19 -> 0 | I17: =SUM(C17+D17+G17) -> 0
A18: ='Gross Pat. Count'!$A$1 -> HOOVER | B18: ='Gross Pat. Count'!A20 -> 0 | I18: =SUM(C18+D18+G18) -> 0
A19: ='Gross Pat. Count'!$A$1 -> HOOVER | B19: ='Gross Pat. Count'!A21 -> 0 | I19: =SUM(C19+D19+G19) -> 0
A20: ='Gross Pat. Count'!$A$1 -> HOOVER | B20: ='Gross Pat. Count'!A22 -> 0 | I20: =SUM(C20+D20+G20) -> 0
A21: Total | C21: =SUM(C3:C20) -> 628.9 | D21: =SUM(D3:D20) -> 468 | F21: =SUM(F3:F20) -> 468 | G21: =SUM(G3:G20) -> 700 | H21: =SUM(H3:H20) -> 1168 | I21: =SUM(I3:I20) -> 1796.9

Sheet Shot tracker
A1: ='Gross Pat. Count'!A1 -> HOOVER | D1: =PROPER('Gross Pat. Count'!$F$1) -> 45717
A2: Date: | B2: # of LIPO Cards | C2: Total from cards | D2: # of SG & TRZ Cards | E2: Total from cards | F2: # of TRZ Cards | G2: Total from cards
A3: ='Gross Pat. Count'!A5 -> 46085 | C3: =SUM(B3*4) -> 0 | E3: =SUM(D3*4) -> 0 | G3: =SUM(F3*4) -> 0
A4: ='Gross Pat. Count'!A6 -> 46086 | C4: =SUM(B4*4) -> 0 | E4: =SUM(D4*4) -> 0 | G4: =SUM(F4*4) -> 0
A5: ='Gross Pat. Count'!A7 -> 46088 | C5: =SUM(B5*4) -> 0 | E5: =SUM(D5*4) -> 0 | G5: =SUM(F5*4) -> 0
A6: ='Gross Pat. Count'!A8 -> 46092 | C6: =SUM(B6*4) -> 0 | E6: =SUM(D6*4) -> 0 | G6: =SUM(F6*4) -> 0
A7: ='Gross Pat. Count'!A9 -> 46093 | C7: =SUM(B7*4) -> 0 | E7: =SUM(D7*4) -> 0 | G7: =SUM(F7*4) -> 0
A8: ='Gross Pat. Count'!A10 -> 46095 | C8: =SUM(B8*4) -> 0 | E8: =SUM(D8*4) -> 0 | G8: =SUM(F8*4) -> 0
A9: ='Gross Pat. Count'!A11 -> 46099 | C9: =SUM(B9*4) -> 0 | E9: =SUM(D9*4) -> 0 | G9: =SUM(F9*4) -> 0
A10: ='Gross Pat. Count'!A12 -> 46100 | C10: =SUM(B10*4) -> 0 | E10: =SUM(D10*4) -> 0 | G10: =SUM(F10*4) -> 0
A11: ='Gross Pat. Count'!A13 -> 46102 | C11: =SUM(B11*4) -> 0 | E11: =SUM(D11*4) -> 0 | G11: =SUM(F11*4) -> 0
A12: ='Gross Pat. Count'!A14 -> 46106 | C12: =SUM(B12*4) -> 0 | E12: =SUM(D12*4) -> 0 | G12: =SUM(F12*4) -> 0
A13: ='Gross Pat. Count'!A15 -> 46107 | C13: =SUM(B13*4) -> 0 | E13: =SUM(D13*4) -> 0 | G13: =SUM(F13*4) -> 0
A14: ='Gross Pat. Count'!A16 -> 46109 | C14: =SUM(B14*4) -> 0 | E14: =SUM(D14*4) -> 0 | G14: =SUM(F14*4) -> 0
A15: ='Gross Pat. Count'!A17 -> 46112 | B15: 2 | C15: =SUM(B15*4) -> 8 | D15: 4 | E15: =SUM(D15*4) -> 16 | G15: =SUM(F15*4) -> 0
A16: ='Gross Pat. Count'!A18 -> 0 | C16: =SUM(B16*4) -> 0 | E16: =SUM(D16*4) -> 0 | G16: =SUM(F16*4) -> 0
A17: ='Gross Pat. Count'!A19 -> 0 | C17: =SUM(B17*4) -> 0 | E17: =SUM(D17*4) -> 0 | G17: =SUM(F17*4) -> 0
A18: ='Gross Pat. Count'!A20 -> 0 | C18: =SUM(B18*4) -> 0 | E18: =SUM(D18*4) -> 0 | G18: =SUM(F18*4) -> 0
A19: ='Gross Pat. Count'!A21 -> 0 | C19: =SUM(B19*4) -> 0 | E19: =SUM(D19*4) -> 0 | G19: =SUM(F19*4) -> 0
A20: ='Gross Pat. Count'!A22 -> 0 | C20: =SUM(B20*4) -> 0 | E20: =SUM(D20*4) -> 0 | G20: =SUM(F20*4) -> 0
A21: Totals | B21: =SUM(B3:B20) -> 2 | C21: =SUM(B21*4) -> 8 | D21: =SUM(D3:D20) -> 4 | E21: =SUM(D21*4) -> 16 | F21: =SUM(F3:F20) -> 0 | G21: =SUM(F21*4) -> 0
