Workbook

Sheet Gross Pat. Count
A1: HOOVER | J1: 45871
A3: Day of week & date | D3: SEMAGLUTIDE | G3: SEMAGLUTIDE | J3: SG TOTAL | M3: TIRZEPATIDE | P3: TIRZEPATIDE | S3: TRZ TOTAL | V3: PILLS | Y3: PILLS | AB3: PILLS TOTAL | AD3: All Other | AF3: TOTAL | AH3: TESTOSTERONE | AK3: TESTOSTERONE | AN3: TESTOSTERONE TOTAL
D4: NEW PTS | E4: REVENUE | G4: FU PTS | H4: REVENUE | J4: PTS | K4: REVENUE | M4: NEW PTS | N4: REVENUE | P4: FU PTS | Q4: REVENUE | S4: PTS | T4: REVENUE | V4: NEW PTS | W4: REVENUE | Y4: FU PTS | Z4: REVENUE | AB4: PTS | AC4: REVENUE | AD4: Revenue | AF4: REVENUE | AH4: NEW PTS | AI4: REVENUE | AK4: FU PTS | AL4: REVENUE | AN4: PTS | AO4: REVENUE
A5: 45871 | B5: 1 | D5: 0 | E5: 0 | G5: 7 | H5: 1299.95 | J5: =(D5+G5) -> 7 | K5: =SUM(E5+H5) -> 1299.95 | M5: 0 | N5: 0 | P5: 7 | Q5: 3050 | S5: =(M5+P5) -> 7 | T5: =SUM(N5+Q5) -> 3050 | V5: 0 | W5: 0 | Y5: 10 | Z5: 359.8 | AB5: =(V5+Y5) -> 10 | AC5: =SUM(W5+Z5) -> 359.8 | AD5: 100 | AF5: =SUM(K5+T5+AC5+AD5)+AO5 -> 4809.75 | AH5: 0 | AI5: 0 | AK5: 0 | AL5: 0 | AN5: =(AH5+AK5) -> 0 | AO5: =SUM(AI5+AL5) -> 0
A6: 45875 | B6: 2 | D6: 0 | E6: 0 | G6: 3 | H6: 1200 | J6: =(D6+G6) -> 3 | K6: =SUM(E6+H6) -> 1200 | M6: 0 | N6: 0 | P6: 3 | Q6: 1400 | S6: =(M6+P6) -> 3 | T6: =SUM(N6+Q6) -> 1400 | V6: 1 | W6: 248.95 | Y6: 3 | Z6: 179.9 | AB6: =(V6+Y6) -> 4 | AC6: =SUM(W6+Z6) -> 428.85 | AD6: 200 | AF6: =SUM(K6+T6+AC6+AD6)+AO6 -> 3228.85 | AH6: 0 | AI6: 0 | AK6: 0 | AL6: 0 | AN6: =(AH6+AK6) -> 0 | AO6: =SUM(AI6+AL6) -> 0
A7: 45876 | B7: 3 | D7: 1 | E7: 0 | G7: 2 | H7: 800 | J7: =(D7+G7) -> 3 | K7: =SUM(E7+H7) -> 800 | M7: 0 | N7: 0 | P7: 6 | Q7: 3600 | S7: =(M7+P7) -> 6 | T7: =SUM(N7+Q7) -> 3600 | V7: 1 | W7: 148.95 | Y7: 3 | Z7: 159.9 | AB7: =(V7+Y7) -> 4 | AC7: =SUM(W7+Z7) -> 308.85 | AD7: 150 | AF7: =SUM(K7+T7+AC7+AD7)+AO7 -> 4858.85 | AH7: 0 | AI7: 0 | AK7: 0 | AL7: 0 | AN7: =(AH7+AK7) -> 0 | AO7: =SUM(AI7+AL7) -> 0
A8: 45878 | B8: 4 | D8: 0 | E8: 0 | G8: 1 | H8: 400 | J8: =(D8+G8) -> 1 | K8: =SUM(E8+H8) -> 400 | M8: 0 | N8: 0 | P8: 4 | Q8: 1700 | S8: =(M8+P8) -> 4 | T8: =SUM(N8+Q8) -> 1700 | V8: 1 | W8: 79.95 | Y8: 3 | Z8: 179.9 | AB8: =(V8+Y8) -> 4 | AC8: =SUM(W8+Z8) -> 259.85 | AD8: 0 | AF8: =SUM(K8+T8+AC8+AD8)+AO8 -> 2359.85 | AH8: 0 | AI8: 0 | AK8: 0 | AL8: 0 | AN8: =(AH8+AK8) -> 0 | AO8: =SUM(AI8+AL8) -> 0
A9: 45882 | B9: 5 | D9: 0 | E9: 0 | G9: 2 | H9: 600 | J9: =(D9+G9) -> 2 | K9: =SUM(E9+H9) -> 600 | M9: 2 | N9: 1094 | P9: 4 | Q9: 2300 | S9: =(M9+P9) -> 6 | T9: =SUM(N9+Q9) -> 3394 | V9: 2 | W9: 397.9 | Y9: 1 | Z9: 179.95 | AB9: =(V9+Y9) -> 3 | AC9: =SUM(W9+Z9) -> 577.85 | AD9: 244 | AF9: =SUM(K9+T9+AC9+AD9)+AO9 -> 4815.85 | AH9: 0 | AI9: 0 | AK9: 0 | AL9: 0 | AN9: =(AH9+AK9) -> 0 | AO9: =SUM(AI9+AL9) -> 0
A10: 45883 | B10: 6 | D10: 1 | E10: 184.5 | G10: 1 | H10: 379.95 | J10: =(D10+G10) -> 2 | K10: =SUM(E10+H10) -> 564.45 | M10: 1 | N10: 569 | P10: 3 | Q10: 1479.95 | S10: =(M10+P10) -> 4 | T10: =SUM(N10+Q10) -> 2048.95 | V10: 0 | W10: 0 | Y10: 4 | Z10: 199.95 | AB10: =(V10+Y10) -> 4 | AC10: =SUM(W10+Z10) -> 199.95 | AD10: 100 | AF10: =SUM(K10+T10+AC10+AD10)+AO10 -> 2913.35 | AH10: 0 | AI10: 0 | AK10: 0 | AL10: 0 | AN10: =(AH10+AK10) -> 0 | AO10: =SUM(AI10+AL10) -> 0
A11: 45885 | B11: 7 | D11: 0 | E11: 0 | G11: 1 | H11: 300 | J11: =(D11+G11) -> 1 | K11: =SUM(E11+H11) -> 300 | M11: 1 | N11: 569 | P11: 5 | Q11: 2849.95 | S11: =(M11+P11) -> 6 | T11: =SUM(N11+Q11) -> 3418.95 | V11: 0 | W11: 0 | Y11: 7 | Z11: 439.8 | AB11: =(V11+Y11) -> 7 | AC11: =SUM(W11+Z11) -> 439.8 | AD11: 200 | AF11: =SUM(K11+T11+AC11+AD11)+AO11 -> 4358.75 | AH11: 0 | AI11: 0 | AK11: 0 | AL11: 0 | AN11: =(AH11+AK11) -> 0 | AO11: =SUM(AI11+AL11) -> 0
A12: 45889 | B12: 8 | D12: 0 | E12: 0 | G12: 4 | H12: 700 | J12: =(D12+G12) -> 4 | K12: =SUM(E12+H12) -> 700 | M12: 1 | N12: 548.95 | P12: 5 | Q12: 3100 | S12: =(M12+P12) -> 6 | T12: =SUM(N12+Q12) -> 3648.95 | V12: 1 | W12: 148.95 | Y12: 3 | Z12: 439.85 | AB12: =(V12+Y12) -> 4 | AC12: =SUM(W12+Z12) -> 588.8 | AD12: 350 | AF12: =SUM(K12+T12+AC12+AD12)+AO12 -> 5287.75 | AN12: =(AH12+AK12) -> 0 | AO12: =SUM(AI12+AL12) -> 0
A13: 45890 | B13: 9 | D13: 2 | E13: 769 | G13: 1 | H13: 400 | J13: =(D13+G13) -> 3 | K13: =SUM(E13+H13) -> 1169 | M13: 1 | N13: 269 | P13: 3 | Q13: 1350 | S13: =(M13+P13) -> 4 | T13: =SUM(N13+Q13) -> 1619 | V13: 0 | W13: 0 | Y13: 3 | Z13: 279.85 | AB13: =(V13+Y13) -> 3 | AC13: =SUM(W13+Z13) -> 279.85 | AD13: 0 | AF13: =SUM(K13+T13+AC13+AD13)+AO13 -> 3067.85 | AN13: =(AH13+AK13) -> 0 | AO13: =SUM(AI13+AL13) -> 0
A14: 45892 | B14: 10 | D14: 1 | E14: 369 | G14: 2 | H14: 650 | J14: =(D14+G14) -> 3 | K14: =SUM(E14+H14) -> 1019 | M14: 1 | N14: 319 | P14: 8 | Q14: 3499.95 | S14: =(M14+P14) -> 9 | T14: =SUM(N14+Q14) -> 3818.95 | V14: 0 | W14: 0 | Y14: 12 | Z14: 1239.4 | AB14: =(V14+Y14) -> 12 | AC14: =SUM(W14+Z14) -> 1239.4 | AD14: 169 | AF14: =SUM(K14+T14+AC14+AD14)+AO14 -> 6246.35 | AN14: =(AH14+AK14) -> 0 | AO14: =SUM(AI14+AL14) -> 0
A15: 45896 | B15: 11 | D15: 0 | E15: 0 | G15: 4 | H15: 1575 | J15: =(D15+G15) -> 4 | K15: =SUM(E15+H15) -> 1575 | M15: 2 | N15: 1138 | P15: 3 | Q15: 1175 | S15: =(M15+P15) -> 5 | T15: =SUM(N15+Q15) -> 2313 | V15: 0 | W15: 0 | Y15: 3 | Z15: 229.85 | AB15: =(V15+Y15) -> 3 | AC15: =SUM(W15+Z15) -> 229.85 | AD15: 0 | AF15: =SUM(K15+T15+AC15+AD15)+AO15 -> 4117.85 | AN15: =(AH15+AK15) -> 0 | AO15: =SUM(AI15+AL15) -> 0
A16: 45897 | B16: 12 | D16: 0 | E16: 0 | G16: 3 | H16: 1100 | J16: =(D16+G16) -> 3 | K16: =SUM(E16+H16) -> 1100 | M16: 1 | N16: 469 | P16: 6 | Q16: 3179.9 | S16: =(M16+P16) -> 7 | T16: =SUM(N16+Q16) -> 3648.9 | V16: 0 | W16: 0 | Y16: 1 | Z16: 179.95 | AB16: =(V16+Y16) -> 1 | AC16: =SUM(W16+Z16) -> 179.95 | AD16: 89.95 | AF16: =SUM(K16+T16+AC16+AD16)+AO16 -> 5018.8 | AN16: =(AH16+AK16) -> 0 | AO16: =SUM(AI16+AL16) -> 0
A17: 45899 | B17: 13 | D17: 0 | E17: 0 | G17: 3 | H17: 690 | J17: =(D17+G17) -> 3 | K17: =SUM(E17+H17) -> 690 | M17: 1 | N17: 469 | P17: 7 | Q17: 4109.9 | S17: =(M17+P17) -> 8 | T17: =SUM(N17+Q17) -> 4578.9 | V17: 1 | W17: 179.95 | Y17: 8 | Z17: 619.75 | AB17: =(V17+Y17) -> 9 | AC17: =SUM(W17+Z17) -> 799.7 | AD17: 179.95 | AF17: =SUM(K17+T17+AC17+AD17)+AO17 -> 6248.55 | AN17: =(AH17+AK17) -> 0 | AO17: =SUM(AI17+AL17) -> 0
B18: 14 | J18: =(D18+G18) -> 0 | K18: =SUM(E18+H18) -> 0 | S18: =(M18+P18) -> 0 | T18: =SUM(N18+Q18) -> 0 | AB18: =(V18+Y18) -> 0 | AC18: =SUM(W18+Z18) -> 0 | AF18: =SUM(K18+T18+AC18+AD18)+AO18 -> 0 | AN18: =(AH18+AK18) -> 0 | AO18: =SUM(AI18+AL18) -> 0
B19: 15 | J19: =(D19+G19) -> 0 | K19: =SUM(E19+H19) -> 0 | S19: =(M19+P19) -> 0 | T19: =SUM(N19+Q19) -> 0 | AB19: =(V19+Y19) -> 0 | AC19: =SUM(W19+Z19) -> 0 | AF19: =SUM(K19+T19+AC19+AD19)+AO19 -> 0 | AN19: =(AH19+AK19) -> 0 | AO19: =SUM(AI19+AL19) -> 0
B20: 16 | J20: =(D20+G20) -> 0 | K20: =SUM(E20+H20) -> 0 | S20: =(M20+P20) -> 0 | T20: =SUM(N20+Q20) -> 0 | AB20: =(V20+Y20) -> 0 | AC20: =SUM(W20+Z20) -> 0 | AF20: =SUM(K20+T20+AC20+AD20)+AO20 -> 0 | AN20: =(AH20+AK20) -> 0 | AO20: =SUM(AI20+AL20) -> 0
B21: 17 | J21: =(D21+G21) -> 0 | K21: =SUM(E21+H21) -> 0 | S21: =(M21+P21) -> 0 | T21: =SUM(N21+Q21) -> 0 | AB21: =(V21+Y21) -> 0 | AC21: =SUM(W21+Z21) -> 0 | AF21: =SUM(K21+T21+AC21+AD21)+AO21 -> 0 | AN21: =(AH21+AK21) -> 0 | AO21: =SUM(AI21+AL21) -> 0
B22: 18 | J22: =(D22+G22) -> 0 | K22: =SUM(E22+H22) -> 0 | S22: =(M22+P22) -> 0 | T22: =SUM(N22+Q22) -> 0 | AB22: =(V22+Y22) -> 0 | AC22: =SUM(W22+Z22) -> 0 | AF22: =SUM(K22+T22+AC22+AD22)+AO22 -> 0 | AN22: =(AH22+AK22) -> 0 | AO22: =SUM(AI22+AL22) -> 0
A23: TOTAL | D23: =SUM(D5:D22) -> 5 | E23: =SUM(E5:E22) -> 1322.5 | G23: =SUM(G5:G22) -> 34 | H23: =SUM(H5:H22) -> 10094.9 | J23: =SUM(J5:J22) -> 39 | K23: =SUM(K5:K22) -> 11417.4 | M23: =SUM(M5:M22) -> 11 | N23: =SUM(N5:N22) -> 5444.95 | P23: =SUM(P5:P22) -> 64 | Q23: =SUM(Q5:Q22) -> 32794.65 | S23: =SUM(S5:S22) -> 75 | T23: =SUM(T5:T22) -> 38239.6 | V23: =SUM(V5:V22) -> 7 | W23: =SUM(W5:W22) -> 1204.65 | Y23: =SUM(Y5:Y22) -> 61 | Z23: =SUM(Z5:Z22) -> 4687.85 | AB23: =SUM(AB5:AB22) -> 68 | AC23: =SUM(AC5:AC22) -> 5892.5 | AD23: =SUM(AD5:AD22) -> 1782.9 | AF23: =SUM(AF5:AF22) -> 57332.4 | AH23: =SUM(AH5:AH22) -> 0 | AI23: =SUM(AI5:AI22) -> 0 | AK23: =SUM(AK5:AK22) -> 0 | AL23: =SUM(AL5:AL22) -> 0 | AN23: =SUM(AN5:AN22) -> 0 | AO23: =SUM(AO5:AO22) -> 0
A24: AVERAGE | D24: =AVERAGEIFS(D5:D22, $AF5:$AF22, ">0") -> 0.38461538 | E24: =AVERAGEIFS(E5:E22, $AF5:$AF22, ">0") -> 101.73077 | G24: =AVERAGEIFS(G5:G22, $AF5:$AF22, ">0") -> 2.6153846 | H24: =AVERAGEIFS(H5:H22, $AF5:$AF22, ">0") -> 776.53077 | J24: =AVERAGEIFS(J5:J22, $AF5:$AF22, ">0") -> 3 | K24: =AVERAGEIFS(K5:K22, $AF5:$AF22, ">0") -> 878.26154 | M24: =AVERAGEIFS(M5:M22, $AF5:$AF22, ">0") -> 0.84615385 | N24: =AVERAGEIFS(N5:N22, $AF5:$AF22, ">0") -> 418.84231 | P24: =AVERAGEIFS(P5:P22, $AF5:$AF22, ">0") -> 4.9230769 | Q24: =AVERAGEIFS(Q5:Q22, $AF5:$AF22, ">0") -> 2522.6654 | S24: =AVERAGEIFS(S5:S22, $AF5:$AF22, ">0") -> 5.7692308 | T24: =AVERAGEIFS(T5:T22, $AF5:$AF22, ">0") -> 2941.5077 | V24: =AVERAGEIFS(V5:V22, $AF5:$AF22, ">0") -> 0.53846154 | W24: =AVERAGEIFS(W5:W22, $AF5:$AF22, ">0") -> 92.665385 | Y24: =AVERAGEIFS(Y5:Y22, $AF5:$AF22, ">0") -> 4.6923077 | Z24: =AVERAGEIFS(Z5:Z22, $AF5:$AF22, ">0") -> 360.60385 | AB24: =AVERAGEIFS(AB5:AB22, $AF5:$AF22, ">0") -> 5.2307692 | AC24: =AVERAGEIFS(AC5:AC22, $AF5:$AF22, ">0") -> 453.26923 | AF24: =AVERAGEIFS(AF5:AF22, $AF5:$AF22, ">0") -> 4410.1846 | AH24: =AVERAGEIFS(AH5:AH22, $AF5:$AF22, ">0") -> 0 | AI24: =AVERAGEIFS(AI5:AI22, $AF5:$AF22, ">0") -> 0 | AK24: =AVERAGEIFS(AK5:AK22, $AF5:$AF22, ">0") -> 0 | AL24: =AVERAGEIFS(AL5:AL22, $AF5:$AF22, ">0") -> 0

Sheet Revenue Breakdown 
A1: ='Gross Pat. Count'!A1 -> HOOVER | K1: AUGUST 2025
C2: Office Visit | D2: LAB | E2: LIPO Inj | G2: Semaglutide | H2: Tirzepatide | J2: Testosterone | K2: AfterPay | L2: Supplements | N2: Protein Drinks | O2: Taxes | P2: Total
B3: Running Totals | C3: 0 | D3: =SUM(D4:D21) -> 1345.5 | E3: =SUM(E4:E21) -> 5625 | G3: =SUM(G4:G21) -> 10565 | H3: =SUM(H4:H21) -> 34550 | J3: =SUM(J4:J21) -> 0 | K3: =SUM(K4:K21) -> 0 | L3: =SUM(L4:L21) -> 0 | N3: =SUM(N4:N21) -> 0 | O3: =SUM(O4:O21) -> 0 | P3: =SUM(P4:P21) -> 57332.43
A4: 45871 | B4: TOTAL | C4: 459.75 | D4: 0 | E4: 500 | G4: 1100 | H4: 2750 | J4: 0 | K4: 0 | L4: 0 | N4: 0 | O4: 0 | P4: =C4+D4+E4+G4+H4+K4+L4+N4+O4 -> 4809.75
A5: 45875 | B5: TOTAL | C5: 259.85 | D5: 69 | E5: 300 | G5: 1200 | H5: 1400 | J5: 0 | K5: 0 | L5: 0 | N5: 0 | O5: 0 | P5: =C5+D5+E5+G5+H5+K5+L5+N5+O5 -> 3228.85
A6: 45876 | B6: TOTAL | C6: 239.85 | D6: 69 | E6: 600 | G6: 650 | H6: 3300 | J6: 0 | K6: 0 | L6: 0 | N6: 0 | O6: 0 | P6: =C6+D6+E6+G6+H6+K6+L6+N6+O6 -> 4858.85
A7: 45878 | B7: TOTAL | C7: 259.85 | D7: 0 | E7: 200 | G7: 400 | H7: 1500 | J7: 0 | K7: 0 | L7: 0 | N7: 0 | O7: 0 | P7: =C7+D7+E7+G7+H7+K7+L7+N7+O7 -> 2359.85
A8: 45882 | B8: TOTAL | C8: 239.85 | D8: 276 | E8: 475 | G8: 600 | H8: 3225 | J8: 0 | K8: 0 | L8: 0 | N8: 0 | O8: 0 | P8: =C8+D8+E8+G8+H8+K8+L8+N8+O8 -> 4815.85
A9: 45883 | B9: TOTAL | C9: 259.85 | D9: 103.5 | E9: 300 | G9: 450 | H9: 1800 | J9: 0 | K9: 0 | L9: 0 | N9: 0 | O9: 0 | P9: =C9+D9+E9+G9+H9+K9+L9+N9+O9 -> 2913.35
A10: 45885 | B10: TOTAL | C10: 439.75 | D10: 69 | E10: 400 | G10: 300 | H10: 3150 | J10: 0 | K10: 0 | L10: 0 | N10: 0 | O10: 0 | P10: =C10+D10+E10+G10+H10+K10+L10+N10+O10 -> 4358.75
A11: 45889 | B11: TOTAL | C11: 399.75 | D11: 138 | E11: 400 | G11: 950 | H11: 3400 | J11: 0 | K11: 0 | L11: 0 | N11: 0 | O11: 0 | P11: =C11+D11+E11+G11+H11+K11+L11+N11+O11 -> 5287.75
A12: 45890 | B12: TOTAL | C12: 279.85 | D12: 138 | E12: 300 | G12: 900 | H12: 1450 | J12: 0 | K12: 0 | L12: 0 | N12: 0 | O12: 0 | P12: =C12+D12+E12+G12+H12+K12+L12+N12+O12 -> 3067.85
A13: 45892 | B13: TOTAL | C13: 1139.35 | D13: 207 | E13: 650 | G13: 950 | H13: 3300 | J13: 0 | K13: 0 | L13: 0 | N13: 0 | O13: 0 | P13: =C13+D13+E13+G13+H13+K13+L13+N13+O13 -> 6246.35
A14: 45896 | B14: TOTAL | C14: 229.85 | D14: 138 | E14: 500 | G14: 1475 | H14: 1775 | J14: 0 | K14: 0 | L14: 0 | N14: 0 | O14: 0 | P14: =C14+D14+E14+G14+H14+K14+L14+N14+O14 -> 4117.85
A15: 45897 | B15: TOTAL | C15: 299.83 | D15: 69 | E15: 500 | G15: 900 | H15: 3250 | J15: 0 | K15: 0 | L15: 0 | N15: 0 | O15: 0 | P15: =C15+D15+E15+G15+H15+K15+L15+N15+O15 -> 5018.83
A16: 45899 | B16: TOTAL | C16: 739.55 | D16: 69 | E16: 500 | G16: 690 | H16: 4250 | J16: 0 | K16: 0 | L16: 0 | N16: 0 | O16: 0 | P16: =C16+D16+E16+G16+H16+K16+L16+N16+O16 -> 6248.55
A17: ='Gross Pat. Count'!A18 | B17: TOTAL | P17: =C17+D17+E17+G17+H17+K17+L17+N17+O17 -> 0
A18: ='Gross Pat. Count'!A19 | B18: TOTAL | P18: =C18+D18+E18+G18+H18+K18+L18+N18+O18 -> 0
A19: ='Gross Pat. Count'!A20 | B19: TOTAL | P19: =C19+D19+E19+G19+H19+K19+L19+N19+O19 -> 0
A20: ='Gross Pat. Count'!A21 | B20: TOTAL | P20: =C20+D20+E20+G20+H20+K20+L20+N20+O20 -> 0
A21: ='Gross Pat. Count'!A22 | B21: TOTAL | P21: =C21+D21+E21+G21+H21+K21+L21+N21+O21 -> 0

Sheet Deposit
E1: AUGUST 2025
A2: CLINIC | B2: DATE OF BUSINESS | C2: CASH | D2: CHECKS | E2: Actual Bank Deposit | F2: TOTAL DEPOSIT | G2: CREDIT | H2: SUBTOTAL OF CREDIT/ CHECKS | I2: TOTAL REVENUE
A3: ='Gross Pat. Count'!$A$1 -> HOOVER | B3: 45871 | C3: 350 | D3: 0 | E3: 350 | F3: =SUM(D3+E3) -> 350 | G3: 4459.75 | H3: =SUM(F3+G3) -> 4809.75 | I3: =SUM(C3+D3+G3) -> 4809.75
A4: ='Gross Pat. Count'!$A$1 -> HOOVER | B4: 45875 | C4: 0 | D4: 0 | E4: 0 | F4: =SUM(D4+E4) -> 0 | G4: 3228.85 | H4: =SUM(F4+G4) -> 3228.85 | I4: =SUM(C4+D4+G4) -> 3228.85
A5: ='Gross Pat. Count'!$A$1 -> HOOVER | B5: 45876 | C5: 0 | D5: 0 | E5: 0 | F5: =SUM(D5+E5) -> 0 | G5: 4858.85 | H5: =SUM(F5+G5) -> 4858.85 | I5: =SUM(C5+D5+G5) -> 4858.85
A6: ='Gross Pat. Count'!$A$1 -> HOOVER | B6: 45878 | C6: 0 | D6: 0 | E6: 0 | F6: =SUM(D6+E6) -> 0 | G6: 2359.85 | H6: =SUM(F6+G6) -> 2359.85 | I6: =SUM(C6+D6+G6) -> 2359.85
A7: ='Gross Pat. Count'!$A$1 -> HOOVER | B7: 45882 | C7: 0 | D7: 0 | E7: 0 | F7: =SUM(D7+E7) -> 0 | G7: 4815.85 | H7: =SUM(F7+G7) -> 4815.85 | I7: =SUM(C7+D7+G7) -> 4815.85
A8: ='Gross Pat. Count'!$A$1 -> HOOVER | B8: 45883 | C8: 20 | D8: 0 | E8: 20 | F8: =SUM(D8+E8) -> 20 | G8: 2893.35 | H8: =SUM(F8+G8) -> 2913.35 | I8: =SUM(C8+D8+G8) -> 2913.35
A9: ='Gross Pat. Count'!$A$1 -> HOOVER | B9: 45885 | C9: 379.95 | D9: 0 | E9: 379.95 | F9: =SUM(D9+E9) -> 379.95 | G9: 3978.8 | H9: =SUM(F9+G9) -> 4358.75 | I9: =SUM(C9+D9+G9) -> 4358.75
A10: ='Gross Pat. Count'!$A$1 -> HOOVER | B10: 45889 | C10: 379.95 | D10: 0 | E10: 379.95 | F10: =SUM(D10+E10) -> 379.95 | G10: 4907.8 | H10: =SUM(F10+G10) -> 5287.75 | I10: =SUM(C10+D10+G10) -> 5287.75
A11: ='Gross Pat. Count'!$A$1 -> HOOVER | B11: 45890 | C11: 0 | D11: 0 | E11: 0 | F11: =SUM(D11+E11) -> 0 | G11: 3067.85 | H11: =SUM(F11+G11) -> 3067.85 | I11: =SUM(C11+D11+G11) -> 3067.85
A12: ='Gross Pat. Count'!$A$1 -> HOOVER | B12: 45892 | C12: 400 | D12: 600 | E12: 1000 | F12: =SUM(D12+E12) -> 1600 | G12: 5246.35 | H12: =SUM(F12+G12) -> 6846.35 | I12: =SUM(C12+D12+G12) -> 6246.35
A13: ='Gross Pat. Count'!$A$1 -> HOOVER | B13: 45896 | C13: 500 | D13: 0 | E13: 500 | F13: =SUM(D13+E13) -> 500 | G13: 3617.85 | H13: =SUM(F13+G13) -> 4117.85 | I13: =SUM(C13+D13+G13) -> 4117.85
A14: ='Gross Pat. Count'!$A$1 -> HOOVER | B14: 45897 | C14: 400 | D14: 0 | E14: 400 | F14: =SUM(D14+E14) -> 400 | G14: 4618.83 | H14: =SUM(F14+G14) -> 5018.83 | I14: =SUM(C14+D14+G14) -> 5018.83
A15: ='Gross Pat. Count'!$A$1 -> HOOVER | B15: 45899 | C15: 200 | D15: 0 | E15: 200 | F15: =SUM(D15+E15) -> 200 | G15: 6048.55 | H15: =SUM(F15+G15) -> 6248.55 | I15: =SUM(C15+D15+G15) -> 6248.55
A16: ='Gross Pat. Count'!$A$1 -> HOOVER | B16: ='Gross Pat. Count'!A18 | F16: =SUM(D16+E16) -> 0 | H16: =SUM(F16+G16) -> 0 | I16: =SUM(C16+D16+G16) -> 0
A17: ='Gross Pat. Count'!$A$1 -> HOOVER | B17: ='Gross Pat. Count'!A19 | I17: =SUM(C17+D17+G17) -> 0
A18: ='Gross Pat. Count'!$A$1 -> HOOVER | B18: ='Gross Pat. Count'!A20 | I18: =SUM(C18+D18+G18) -> 0
A19: ='Gross Pat. Count'!$A$1 -> HOOVER | B19: ='Gross Pat. Count'!A21 | I19: =SUM(C19+D19+G19) -> 0
A20: ='Gross Pat. Count'!$A$1 -> HOOVER | B20: ='Gross Pat. Count'!A22 | I20: =SUM(C20+D20+G20) -> 0
A21: Total | C21: =SUM(C3:C20) -> 2629.9 | D21: =SUM(D3:D20) -> 600 | F21: =SUM(F3:F20) -> 3829.9 | G21: =SUM(G3:G20) -> 54102.53 | H21: =SUM(H3:H20) -> 57932.43 | I21: =SUM(I3:I20) -> 57332.43

Sheet Shot tracker
A1: ='Gross Pat. Count'!A1 -> HOOVER | E1: AUGUST 2025
A2: Date: | B2: # of LIPO Cards | C2: Total from cards | E2: # of SG & TRZ Cards | F2: Total from cards | G2: # of TRZ Cards | H2: Total from cards | J2: # of TES Cards | K2: Total from cards
A3: ='Gross Pat. Count'!A5 -> 45871 | B3: 5 | C3: =SUM(B3*4) -> 20 | E3: 9 | F3: =SUM(E3*4) -> 36 | H3: =SUM(G3*4) -> 0 | J3: 0 | K3: =SUM(J3*4) -> 0
A4: ='Gross Pat. Count'!A6 -> 45875 | B4: 3 | C4: =SUM(B4*4) -> 12 | E4: 6 | F4: =SUM(E4*4) -> 24 | H4: =SUM(G4*4) -> 0 | J4: 0 | K4: =SUM(J4*4) -> 0
A5: ='Gross Pat. Count'!A7 -> 45876 | B5: 6 | C5: =SUM(B5*4) -> 24 | E5: 8 | F5: =SUM(E5*4) -> 32 | H5: =SUM(G5*4) -> 0 | J5: 0 | K5: =SUM(J5*4) -> 0
A6: ='Gross Pat. Count'!A8 -> 45878 | B6: 2 | C6: =SUM(B6*4) -> 8 | E6: 5 | F6: =SUM(E6*4) -> 20 | H6: =SUM(G6*4) -> 0 | J6: 0 | K6: =SUM(J6*4) -> 0
A7: ='Gross Pat. Count'!A9 -> 45882 | B7: 5 | C7: =SUM(B7*4) -> 20 | E7: 8 | F7: =SUM(E7*4) -> 32 | H7: =SUM(G7*4) -> 0 | J7: 0 | K7: =SUM(J7*4) -> 0
A8: ='Gross Pat. Count'!A10 -> 45883 | B8: 3 | C8: =SUM(B8*4) -> 12 | E8: 4 | F8: =SUM(E8*4) -> 16 | H8: =SUM(G8*4) -> 0 | J8: 0 | K8: =SUM(J8*4) -> 0
A9: ='Gross Pat. Count'!A11 -> 45885 | B9: 4 | C9: =SUM(B9*4) -> 16 | E9: 7 | F9: =SUM(E9*4) -> 28 | H9: =SUM(G9*4) -> 0 | J9: 0 | K9: =SUM(J9*4) -> 0
A10: ='Gross Pat. Count'!A12 -> 45889 | B10: 4 | C10: =SUM(B10*4) -> 16 | E10: 9 | F10: =SUM(E10*4) -> 36 | H10: =SUM(G10*4) -> 0 | J10: 0 | K10: =SUM(J10*4) -> 0
A11: ='Gross Pat. Count'!A13 -> 45890 | B11: 3 | C11: =SUM(B11*4) -> 12 | E11: 7 | F11: =SUM(E11*4) -> 28 | H11: =SUM(G11*4) -> 0 | J11: 0 | K11: =SUM(J11*4) -> 0
A12: 45892 | B12: 7 | C12: 28 | E12: 4 | F12: =SUM(E12*4) -> 16 | J12: 0 | K12: =SUM(J12*4) -> 0
A13: 45896 | B13: 5 | C13: =SUM(B13*4) -> 20 | E13: 9 | F13: =SUM(E13*4) -> 36 | H13: =SUM(G13*4) -> 0 | J13: 0 | K13: =SUM(J13*4) -> 0
A14: 45897 | B14: 5 | C14: =SUM(B14*4) -> 20 | E14: 10 | F14: =SUM(E14*4) -> 40 | H14: =SUM(G14*4) -> 0 | J14: 0 | K14: =SUM(J14*4) -> 0
A15: ='Gross Pat. Count'!A17 -> 45899 | B15: 4 | C15: =SUM(B15*4) -> 16 | E15: 10 | F15: =SUM(E15*4) -> 40 | H15: =SUM(G15*4) -> 0 | K15: =SUM(J15*4) -> 0
A16: ='Gross Pat. Count'!A18 | C16: =SUM(B16*4) -> 0 | F16: =SUM(E16*4) -> 0 | H16: =SUM(G16*4) -> 0 | K16: =SUM(J16*4) -> 0
A17: ='Gross Pat. Count'!A19 | C17: =SUM(B17*4) -> 0 | F17: =SUM(E17*4) -> 0 | H17: =SUM(G17*4) -> 0 | K17: =SUM(J17*4) -> 0
A18: ='Gross Pat. Count'!A20 | C18: =SUM(B18*4) -> 0 | F18: =SUM(E18*4) -> 0 | H18: =SUM(G18*4) -> 0 | K18: =SUM(J18*4) -> 0
A19: ='Gross Pat. Count'!A21 | C19: =SUM(B19*4) -> 0 | F19: =SUM(E19*4) -> 0 | H19: =SUM(G19*4) -> 0 | K19: =SUM(J19*4) -> 0
A20: ='Gross Pat. Count'!A22 | C20: =SUM(B20*4) -> 0 | F20: =SUM(E20*4) -> 0 | H20: =SUM(G20*4) -> 0 | K20: =SUM(J20*4) -> 0
A21: Totals | B21: =SUM(B3:B20) -> 56 | C21: =SUM(B21*4) -> 224 | E21: =SUM(E3:E20) -> 96 | F21: =SUM(E21*4) -> 384 | G21: =SUM(G3:G20) -> 0 | H21: =SUM(G21*4) -> 0 | J21: =SUM(J3:J20) -> 0 | K21: =SUM(J21*4) -> 0
